timestamp,mph
9/1/2015 11:25,58
9/1/2015 11:30,63
9/1/2015 11:35,63
9/1/2015 11:40,64
9/1/2015 11:55,58
9/1/2015 12:00,63
9/1/2015 12:05,60
9/1/2015 12:10,60
9/1/2015 12:15,62
9/1/2015 12:20,62
9/1/2015 12:25,59
9/1/2015 12:30,65
9/1/2015 12:35,60
9/1/2015 12:45,63
9/1/2015 12:50,53
9/1/2015 12:55,62
9/1/2015 13:05,60
9/1/2015 13:10,60
9/1/2015 13:15,61
9/1/2015 13:20,61
9/1/2015 13:25,59
9/1/2015 13:35,63
9/1/2015 13:45,65
9/1/2015 13:50,59
9/1/2015 14:00,62
9/1/2015 14:05,58
9/1/2015 14:10,57
9/1/2015 14:15,64
9/1/2015 14:30,58
9/1/2015 14:35,62
9/1/2015 14:40,63
9/1/2015 14:50,62
9/1/2015 14:55,63
9/1/2015 15:00,66
9/1/2015 15:05,55
9/1/2015 15:10,59
9/1/2015 15:25,59
9/1/2015 15:30,59
9/1/2015 15:35,63
9/1/2015 15:40,60
9/1/2015 15:45,63
9/1/2015 15:55,58
9/1/2015 16:00,68
9/1/2015 16:05,63
9/1/2015 16:10,60
9/1/2015 16:15,62
9/1/2015 16:20,59
9/1/2015 16:25,65
9/1/2015 16:30,63
9/1/2015 16:40,65
9/1/2015 16:45,60
9/1/2015 16:55,63
9/1/2015 17:05,62
9/1/2015 17:10,63
9/1/2015 17:15,38
9/1/2015 17:20,38
9/1/2015 17:25,33
9/1/2015 17:35,59
9/1/2015 17:40,63
9/1/2015 17:45,68
9/1/2015 17:50,64
9/1/2015 17:55,65
9/1/2015 17:59,65
9/1/2015 18:10,61
9/1/2015 18:15,63
9/1/2015 18:20,66
9/1/2015 18:25,66
9/1/2015 18:30,60
9/1/2015 18:35,68
9/1/2015 18:45,63
9/1/2015 18:50,63
9/1/2015 19:20,66
9/1/2015 19:25,63
9/1/2015 19:35,59
9/1/2015 19:50,61
9/1/2015 20:00,67
9/1/2015 20:15,59
9/1/2015 20:35,62
9/1/2015 20:40,59
9/1/2015 20:50,60
9/1/2015 20:55,65
9/1/2015 21:00,60
9/1/2015 21:05,62
9/1/2015 21:10,65
9/1/2015 21:15,56
9/1/2015 21:20,66
9/1/2015 21:25,66
9/1/2015 21:30,60
9/1/2015 21:35,70
9/1/2015 21:59,63
9/1/2015 22:10,64
9/1/2015 22:20,58
9/1/2015 22:25,60
9/1/2015 22:40,60
9/1/2015 22:45,59
9/1/2015 22:50,60
9/1/2015 23:01,56
9/1/2015 23:05,58
9/1/2015 23:10,62
9/1/2015 23:15,56
9/2/2015 0:05,75
9/2/2015 0:10,57
9/2/2015 0:30,59
9/2/2015 1:25,62
9/2/2015 1:35,66
9/2/2015 2:30,59
9/2/2015 2:40,58
9/2/2015 2:50,61
9/2/2015 3:05,53
9/2/2015 3:10,53
9/2/2015 3:40,56
9/2/2015 3:50,57
9/2/2015 3:55,56
9/2/2015 4:05,56
9/2/2015 4:20,64
9/2/2015 4:25,55
9/2/2015 4:40,67
9/2/2015 4:45,65
9/2/2015 4:50,68
9/2/2015 4:55,61
9/2/2015 5:00,63
9/2/2015 5:10,66
9/2/2015 5:15,60
9/2/2015 5:20,62
9/2/2015 5:30,69
9/2/2015 5:35,64
9/2/2015 5:45,62
9/2/2015 5:50,63
9/2/2015 5:55,62
9/2/2015 6:00,60
9/2/2015 6:05,61
9/2/2015 6:10,60
9/2/2015 6:20,55
9/2/2015 6:25,56
9/2/2015 6:30,58
9/2/2015 6:40,54
9/2/2015 6:45,35
9/2/2015 6:50,60
9/2/2015 6:55,58
9/2/2015 7:00,59
9/2/2015 7:05,34
9/2/2015 7:10,31
9/2/2015 7:15,52
9/2/2015 7:20,57
9/2/2015 7:25,55
9/2/2015 7:30,52
9/2/2015 7:35,54
9/2/2015 7:40,56
9/2/2015 7:45,54
9/2/2015 7:50,56
9/2/2015 7:55,53
9/2/2015 8:00,47
9/2/2015 8:05,52
9/2/2015 8:10,52
9/2/2015 8:15,58
9/2/2015 8:20,52
9/2/2015 8:25,55
9/2/2015 8:30,47
9/2/2015 8:35,53
9/2/2015 8:40,49
9/2/2015 8:45,49
9/2/2015 8:50,55
9/2/2015 8:55,51
9/2/2015 9:00,53
9/2/2015 9:05,53
9/2/2015 9:10,46
9/2/2015 9:15,52
9/2/2015 9:25,61
9/2/2015 9:30,63
9/2/2015 9:35,62
9/2/2015 9:40,62
9/2/2015 9:55,67
9/2/2015 10:00,61
9/2/2015 10:05,63
9/2/2015 10:10,59
9/2/2015 10:15,61
9/2/2015 10:20,61
9/2/2015 10:25,61
9/2/2015 10:30,61
9/2/2015 10:35,63
9/2/2015 10:40,63
9/2/2015 10:45,61
9/2/2015 10:50,63
9/2/2015 10:55,67
9/2/2015 11:00,59
9/2/2015 11:10,62
9/2/2015 11:15,63
9/2/2015 11:25,65
9/2/2015 11:30,58
9/2/2015 11:40,64
9/2/2015 11:45,62
9/2/2015 11:50,62
9/2/2015 11:55,57
9/2/2015 12:00,62
9/2/2015 12:05,61
9/2/2015 12:15,56
9/2/2015 12:20,62
9/2/2015 12:25,60
9/2/2015 12:30,64
9/2/2015 12:35,61
9/2/2015 12:40,64
9/2/2015 12:50,62
9/2/2015 12:55,65
9/2/2015 13:00,62
9/2/2015 13:05,52
9/2/2015 13:10,60
9/2/2015 13:15,61
9/2/2015 13:20,60
9/2/2015 13:25,62
9/2/2015 13:30,62
9/2/2015 13:35,62
9/2/2015 13:40,65
9/2/2015 13:55,57
9/2/2015 14:00,64
9/2/2015 14:05,63
9/2/2015 14:10,63
9/2/2015 14:15,61
9/2/2015 14:20,61
9/2/2015 14:25,64
9/2/2015 14:30,57
9/2/2015 14:35,62
9/2/2015 14:40,60
9/2/2015 14:45,61
9/2/2015 14:50,60
9/2/2015 15:00,65
9/2/2015 15:05,61
9/2/2015 15:10,62
9/2/2015 15:15,59
9/2/2015 15:20,57
9/2/2015 15:25,60
9/2/2015 15:30,61
9/2/2015 15:35,61
9/2/2015 15:40,63
9/2/2015 15:45,61
9/2/2015 15:50,67
9/2/2015 15:55,60
9/2/2015 16:00,65
9/2/2015 16:05,64
9/2/2015 16:10,63
9/2/2015 16:15,65
9/2/2015 16:20,62
9/2/2015 16:25,64
9/2/2015 16:30,60
9/2/2015 16:35,65
9/2/2015 16:40,59
9/2/2015 16:45,60
9/2/2015 16:50,57
9/2/2015 16:55,57
9/2/2015 17:00,64
9/2/2015 17:05,60
9/2/2015 17:10,61
9/2/2015 17:15,64
9/2/2015 17:20,59
9/2/2015 17:25,64
9/2/2015 17:30,63
9/2/2015 17:35,64
9/2/2015 17:40,64
9/2/2015 17:45,63
9/2/2015 17:50,66
9/2/2015 18:05,61
9/2/2015 18:10,62
9/2/2015 18:15,64
9/2/2015 18:30,64
9/2/2015 18:35,64
9/2/2015 18:45,66
9/2/2015 18:55,67
9/2/2015 19:00,65
9/2/2015 19:05,64
9/2/2015 19:10,65
9/2/2015 19:21,65
9/2/2015 19:36,60
9/2/2015 19:41,65
9/2/2015 19:51,58
9/2/2015 20:01,59
9/2/2015 20:06,61
9/2/2015 20:11,62
9/2/2015 20:16,54
9/2/2015 20:21,64
9/2/2015 20:26,61
9/2/2015 20:36,60
9/2/2015 20:41,65
9/2/2015 20:46,66
9/2/2015 20:56,63
9/2/2015 21:06,65
9/2/2015 21:21,55
9/2/2015 21:26,66
9/2/2015 21:36,61
9/2/2015 21:51,64
9/2/2015 22:01,62
9/2/2015 22:06,63
9/2/2015 22:11,57
9/2/2015 22:26,61
9/2/2015 22:41,60
9/2/2015 22:51,67
9/2/2015 23:01,64
9/2/2015 23:11,58
9/2/2015 23:16,64
9/2/2015 23:26,60
9/2/2015 23:41,58
9/3/2015 0:11,57
9/3/2015 0:21,67
9/3/2015 0:26,56
9/3/2015 0:36,55
9/3/2015 0:56,62
9/3/2015 1:01,45
9/3/2015 1:06,60
9/3/2015 1:16,61
9/3/2015 1:31,63
9/3/2015 1:56,63
9/3/2015 2:36,60
9/3/2015 2:46,58
9/3/2015 2:56,66
9/3/2015 3:16,58
9/3/2015 3:31,61
9/3/2015 3:41,67
9/3/2015 3:46,62
9/3/2015 4:11,61
9/3/2015 4:31,64
9/3/2015 4:46,69
9/3/2015 5:01,61
9/3/2015 5:11,64
9/3/2015 5:31,65
9/3/2015 5:36,66
9/3/2015 5:41,67
9/3/2015 5:51,65
9/3/2015 5:56,68
9/3/2015 6:01,67
9/3/2015 6:06,64
9/3/2015 6:11,66
9/3/2015 6:16,72
9/3/2015 6:21,58
9/3/2015 6:26,64
9/3/2015 6:36,62
9/3/2015 6:41,74
9/3/2015 6:51,65
9/3/2015 7:06,68
9/3/2015 7:11,61
9/3/2015 7:16,64
9/3/2015 7:21,59
9/3/2015 7:26,67
9/3/2015 7:31,63
9/3/2015 7:36,63
9/3/2015 7:41,66
9/3/2015 7:46,59
9/3/2015 7:51,63
9/3/2015 7:56,66
9/3/2015 8:01,61
9/3/2015 8:06,61
9/3/2015 8:31,63
9/3/2015 8:36,56
9/3/2015 8:41,63
9/3/2015 8:46,61
9/3/2015 8:51,65
9/3/2015 9:01,62
9/3/2015 9:11,65
9/3/2015 9:16,64
9/3/2015 9:21,65
9/3/2015 9:26,62
9/3/2015 9:31,66
9/3/2015 9:36,66
9/3/2015 9:46,63
9/3/2015 9:51,60
9/3/2015 9:56,65
9/3/2015 10:01,66
9/3/2015 10:06,60
9/3/2015 10:11,61
9/3/2015 10:21,66
9/3/2015 10:26,67
9/3/2015 10:36,63
9/3/2015 10:41,61
9/3/2015 10:46,59
9/3/2015 10:51,60
9/3/2015 10:56,60
9/3/2015 11:06,63
9/3/2015 11:11,63
9/3/2015 11:16,61
9/3/2015 11:26,61
9/3/2015 11:31,61
9/3/2015 11:36,62
9/3/2015 11:41,61
9/3/2015 11:46,63
9/3/2015 11:51,63
9/3/2015 12:01,64
9/3/2015 12:06,63
9/3/2015 12:11,65
9/3/2015 12:16,65
9/3/2015 12:21,66
9/3/2015 12:26,62
9/3/2015 12:31,63
9/3/2015 12:36,63
9/3/2015 12:41,63
9/3/2015 12:51,61
9/3/2015 12:56,62
9/3/2015 13:06,67
9/3/2015 13:11,68
9/3/2015 13:26,64
9/3/2015 13:31,62
9/3/2015 13:36,63
9/3/2015 13:41,66
9/3/2015 13:46,61
9/3/2015 13:51,62
9/3/2015 14:01,61
9/3/2015 14:06,63
9/3/2015 14:11,61
9/3/2015 14:16,65
9/3/2015 14:21,52
9/3/2015 14:26,67
9/3/2015 14:31,69
9/3/2015 14:41,65
9/3/2015 14:51,63
9/3/2015 14:56,65
9/3/2015 15:01,66
9/3/2015 15:06,57
9/3/2015 15:11,61
9/3/2015 15:21,63
9/3/2015 15:26,62
9/3/2015 15:36,61
9/3/2015 15:41,62
9/3/2015 15:51,64
9/3/2015 15:56,62
9/3/2015 16:01,67
9/3/2015 16:06,63
9/3/2015 16:11,64
9/3/2015 16:16,65
9/3/2015 16:26,69
9/3/2015 16:36,65
9/3/2015 16:41,60
9/3/2015 16:46,65
9/3/2015 16:51,62
9/3/2015 17:01,66
9/3/2015 17:06,66
9/3/2015 17:11,65
9/3/2015 17:21,64
9/3/2015 17:26,61
9/3/2015 17:36,64
9/3/2015 17:41,63
9/3/2015 17:46,67
9/3/2015 17:51,63
9/3/2015 17:56,66
9/3/2015 18:01,66
9/3/2015 18:06,65
9/3/2015 18:11,64
9/3/2015 18:16,66
9/3/2015 18:21,67
9/3/2015 18:26,63
9/3/2015 18:31,63
9/3/2015 18:36,64
9/3/2015 18:46,65
9/3/2015 18:51,67
9/3/2015 18:56,64
9/3/2015 19:01,69
9/3/2015 19:06,62
9/3/2015 19:11,62
9/3/2015 19:16,66
9/3/2015 19:21,66
9/3/2015 19:31,71
9/3/2015 19:42,69
9/3/2015 19:47,64
9/3/2015 19:57,63
9/3/2015 20:02,65
9/3/2015 20:07,63
9/3/2015 20:17,63
9/3/2015 20:42,62
9/3/2015 20:47,66
9/3/2015 20:57,67
9/3/2015 21:07,60
9/3/2015 21:12,61
9/3/2015 21:17,69
9/3/2015 21:22,62
9/3/2015 21:27,62
9/3/2015 21:32,70
9/3/2015 21:37,65
9/3/2015 21:42,66
9/3/2015 21:47,69
9/3/2015 22:02,60
9/3/2015 22:12,63
9/3/2015 22:22,64
9/3/2015 23:02,62
9/3/2015 23:22,62
9/3/2015 23:37,59
9/3/2015 23:42,54
9/3/2015 23:47,61
9/4/2015 0:02,68
9/4/2015 0:17,63
9/4/2015 0:27,63
9/4/2015 1:02,61
9/4/2015 1:17,59
9/4/2015 1:37,58
9/4/2015 1:42,59
9/4/2015 1:57,67
9/4/2015 2:02,62
9/4/2015 2:22,70
9/4/2015 3:57,51
9/4/2015 4:12,64
9/4/2015 4:17,64
9/4/2015 4:22,60
9/4/2015 4:27,49
9/4/2015 4:32,61
9/4/2015 4:37,66
9/4/2015 4:52,64
9/4/2015 5:17,68
9/4/2015 5:22,63
9/4/2015 5:27,68
9/4/2015 5:42,62
9/4/2015 5:52,64
9/4/2015 5:57,67
9/4/2015 6:02,65
9/4/2015 6:07,63
9/4/2015 6:12,57
9/4/2015 6:17,63
9/4/2015 6:22,63
9/4/2015 6:27,61
9/4/2015 6:32,62
9/4/2015 6:37,62
9/4/2015 6:42,66
9/4/2015 6:47,63
9/4/2015 6:52,62
9/4/2015 6:57,69
9/4/2015 7:02,65
9/4/2015 7:07,66
9/4/2015 7:12,63
9/4/2015 7:17,65
9/4/2015 7:22,59
9/4/2015 7:32,61
9/4/2015 7:42,64
9/4/2015 7:47,62
9/4/2015 8:07,64
9/4/2015 8:12,66
9/4/2015 8:17,62
9/4/2015 8:22,64
9/4/2015 8:27,62
9/4/2015 8:32,64
9/4/2015 8:37,59
9/4/2015 8:42,63
9/4/2015 8:47,59
9/4/2015 8:57,65
9/4/2015 9:02,64
9/4/2015 9:07,62
9/4/2015 9:22,59
9/4/2015 9:27,62
9/4/2015 9:32,60
9/4/2015 9:42,60
9/4/2015 9:47,67
9/4/2015 9:52,59
9/4/2015 9:57,63
9/4/2015 10:07,60
9/4/2015 10:12,63
9/4/2015 10:22,63
9/4/2015 10:27,58
9/4/2015 10:32,61
9/4/2015 10:42,66
9/4/2015 10:52,60
9/4/2015 10:57,62
9/4/2015 11:02,61
9/4/2015 11:12,61
9/4/2015 11:17,62
9/4/2015 11:22,64
9/4/2015 11:27,60
9/4/2015 11:32,62
9/4/2015 11:37,63
9/4/2015 11:42,63
9/4/2015 11:52,63
9/4/2015 11:57,70
9/4/2015 12:27,63
9/4/2015 12:37,66
9/4/2015 12:47,68
9/4/2015 13:12,62
9/4/2015 13:17,65
9/4/2015 13:22,63
9/4/2015 13:27,58
9/4/2015 13:37,61
9/4/2015 13:47,63
9/4/2015 14:02,69
9/4/2015 14:12,62
9/4/2015 14:17,64
9/4/2015 14:22,65
9/4/2015 14:27,62
9/4/2015 14:37,68
9/4/2015 14:47,65
9/4/2015 14:52,62
9/4/2015 14:57,60
9/4/2015 15:07,68
9/4/2015 15:12,63
9/4/2015 15:17,63
9/4/2015 15:27,65
9/4/2015 15:32,65
9/4/2015 15:37,66
9/4/2015 15:52,65
9/4/2015 15:57,64
9/4/2015 16:07,66
9/4/2015 16:12,66
9/4/2015 16:17,60
9/4/2015 16:22,62
9/4/2015 16:27,68
9/4/2015 16:37,69
9/4/2015 17:02,67
9/4/2015 17:07,62
9/4/2015 17:12,65
9/4/2015 17:17,72
9/4/2015 17:22,64
9/4/2015 17:32,62
9/4/2015 17:37,68
9/4/2015 17:42,60
9/4/2015 17:52,69
9/4/2015 18:02,63
9/4/2015 18:07,64
9/4/2015 18:12,63
9/4/2015 18:17,62
9/4/2015 18:27,67
9/4/2015 18:32,67
9/4/2015 18:42,65
9/4/2015 18:47,66
9/4/2015 18:52,67
9/4/2015 18:57,68
9/4/2015 19:12,63
9/4/2015 19:22,64
9/4/2015 19:37,71
9/4/2015 19:47,67
9/4/2015 19:52,67
9/4/2015 19:57,60
9/4/2015 20:02,64
9/4/2015 20:12,65
9/4/2015 20:17,65
9/4/2015 20:18,67
9/4/2015 20:23,65
9/4/2015 20:28,63
9/4/2015 20:33,62
9/4/2015 21:03,68
9/4/2015 21:08,65
9/4/2015 21:13,62
9/4/2015 21:18,62
9/4/2015 21:23,66
9/4/2015 21:28,61
9/4/2015 21:38,64
9/4/2015 21:43,66
9/4/2015 21:48,61
9/4/2015 21:53,61
9/4/2015 22:03,64
9/4/2015 22:08,52
9/4/2015 22:13,63
9/4/2015 22:23,61
9/8/2015 10:44,65
9/8/2015 10:54,67
9/8/2015 10:59,63
9/8/2015 11:04,64
9/8/2015 11:14,63
9/8/2015 11:19,66
9/8/2015 11:24,63
9/8/2015 11:29,68
9/8/2015 11:34,65
9/8/2015 11:49,66
9/8/2015 11:54,67
9/8/2015 11:59,62
9/8/2015 12:04,65
9/8/2015 12:09,64
9/8/2015 12:19,64
9/8/2015 12:24,62
9/8/2015 12:27,66
9/8/2015 12:32,63
9/8/2015 12:36,65
9/8/2015 12:46,64
9/8/2015 12:56,67
9/8/2015 13:01,62
9/8/2015 13:06,64
9/8/2015 13:16,62
9/8/2015 13:21,66
9/8/2015 13:26,62
9/8/2015 13:36,66
9/8/2015 13:41,63
9/8/2015 13:51,63
9/8/2015 13:56,64
9/8/2015 14:00,63
9/8/2015 14:06,63
9/8/2015 14:11,63
9/8/2015 14:21,64
9/8/2015 14:26,64
9/8/2015 14:31,66
9/8/2015 14:36,64
9/8/2015 14:41,66
9/8/2015 14:46,57
9/8/2015 14:51,65
9/8/2015 14:56,65
9/8/2015 15:01,64
9/8/2015 15:06,66
9/8/2015 15:11,62
9/8/2015 15:16,65
9/8/2015 15:21,68
9/8/2015 15:29,66
9/8/2015 16:15,62
9/8/2015 16:36,66
9/8/2015 16:41,67
9/8/2015 16:46,63
9/8/2015 16:51,62
9/8/2015 16:56,66
9/8/2015 17:11,58
9/8/2015 17:16,64
9/8/2015 17:21,68
9/8/2015 17:26,68
9/8/2015 17:31,63
9/8/2015 17:36,66
9/8/2015 17:41,65
9/8/2015 17:46,63
9/8/2015 17:51,63
9/8/2015 17:56,61
9/8/2015 17:57,66
9/8/2015 18:26,66
9/8/2015 18:31,65
9/8/2015 18:36,61
9/8/2015 18:41,63
9/8/2015 18:46,65
9/8/2015 18:51,61
9/8/2015 19:01,64
9/8/2015 19:06,67
9/8/2015 19:11,66
9/8/2015 19:31,64
9/8/2015 19:36,62
9/8/2015 19:46,61
9/8/2015 19:51,63
9/8/2015 20:06,66
9/8/2015 20:16,69
9/8/2015 20:26,62
9/8/2015 20:36,65
9/8/2015 20:46,63
9/8/2015 20:51,62
9/8/2015 21:01,64
9/8/2015 21:06,68
9/8/2015 21:11,68
9/8/2015 21:26,62
9/8/2015 21:31,65
9/8/2015 21:36,62
9/8/2015 21:41,62
9/8/2015 21:46,68
9/8/2015 21:56,65
9/8/2015 22:01,65
9/8/2015 22:06,57
9/8/2015 22:12,63
9/8/2015 22:26,58
9/8/2015 22:36,64
9/8/2015 22:51,68
9/8/2015 22:56,55
9/8/2015 23:01,61
9/8/2015 23:06,62
9/8/2015 23:11,65
9/9/2015 0:01,60
9/9/2015 0:11,50
9/9/2015 0:36,61
9/9/2015 1:01,63
9/9/2015 1:11,65
9/9/2015 1:51,62
9/9/2015 2:06,56
9/9/2015 2:31,61
9/9/2015 2:46,66
9/9/2015 6:04,66
9/9/2015 7:34,62
9/9/2015 9:48,64
9/9/2015 9:58,62
9/9/2015 10:08,60
9/9/2015 10:13,65
9/9/2015 10:18,60
9/9/2015 10:23,64
9/9/2015 10:33,66
9/9/2015 10:38,60
9/9/2015 10:43,63
9/9/2015 10:48,64
9/9/2015 10:53,65
9/9/2015 10:58,58
9/9/2015 11:03,61
9/9/2015 11:08,60
9/9/2015 11:13,64
9/9/2015 11:18,67
9/9/2015 11:28,65
9/9/2015 11:33,63
9/9/2015 11:38,62
9/9/2015 11:43,66
9/9/2015 11:48,66
9/9/2015 11:53,61
9/9/2015 11:58,62
9/9/2015 12:03,63
9/9/2015 12:08,60
9/9/2015 12:13,59
9/9/2015 12:18,61
9/9/2015 12:23,62
9/9/2015 12:28,59
9/9/2015 12:33,62
9/9/2015 12:38,65
9/9/2015 12:43,63
9/9/2015 12:48,59
9/9/2015 12:53,67
9/9/2015 12:58,61
9/9/2015 13:08,62
9/9/2015 13:13,65
9/9/2015 13:18,60
9/9/2015 13:23,63
9/9/2015 13:28,61
9/9/2015 13:33,62
9/9/2015 13:38,64
9/9/2015 13:43,67
9/9/2015 13:53,67
9/9/2015 13:58,67
9/9/2015 14:03,65
9/9/2015 14:08,62
9/9/2015 14:13,70
9/9/2015 14:18,66
9/9/2015 14:23,65
9/9/2015 14:33,68
9/9/2015 14:38,62
9/9/2015 14:43,72
9/9/2015 14:48,63
9/9/2015 14:53,64
9/9/2015 14:58,65
9/9/2015 15:03,67
9/9/2015 15:13,63
9/9/2015 15:18,63
9/9/2015 15:23,64
9/9/2015 15:28,63
9/9/2015 15:33,61
9/9/2015 15:48,63
9/9/2015 15:53,65
9/9/2015 16:08,66
9/9/2015 16:13,65
9/9/2015 16:18,65
9/9/2015 16:28,64
9/9/2015 16:33,67
9/9/2015 16:38,66
9/9/2015 16:43,65
9/9/2015 16:48,68
9/9/2015 16:53,65
9/9/2015 16:58,63
9/9/2015 17:08,67
9/9/2015 17:18,62
9/9/2015 17:23,65
9/9/2015 17:28,67
9/9/2015 17:33,67
9/9/2015 17:38,68
9/9/2015 17:43,70
9/9/2015 17:58,69
9/9/2015 18:03,65
9/9/2015 18:08,64
9/9/2015 18:23,69
9/9/2015 18:28,68
9/9/2015 18:33,66
9/9/2015 18:38,67
9/9/2015 18:48,65
9/9/2015 18:58,65
9/9/2015 19:03,67
9/9/2015 19:08,67
9/9/2015 19:13,62
9/9/2015 19:18,64
9/9/2015 19:23,69
9/9/2015 19:28,63
9/9/2015 19:33,67
9/9/2015 19:43,64
9/9/2015 19:48,67
9/9/2015 19:58,62
9/9/2015 20:23,72
9/9/2015 20:28,61
9/9/2015 20:33,61
9/9/2015 20:38,57
9/9/2015 20:43,50
9/9/2015 20:48,59
9/9/2015 20:58,57
9/9/2015 21:03,56
9/9/2015 21:13,61
9/9/2015 21:18,61
9/9/2015 21:28,62
9/9/2015 21:43,63
9/9/2015 21:48,55
9/9/2015 21:53,67
9/9/2015 21:58,59
9/9/2015 22:03,59
9/9/2015 22:08,61
9/9/2015 22:13,58
9/9/2015 22:23,60
9/9/2015 22:28,49
9/9/2015 22:46,62
9/9/2015 23:18,62
9/9/2015 23:23,58
9/9/2015 23:28,58
9/9/2015 23:33,68
9/9/2015 23:38,53
9/9/2015 23:48,56
9/10/2015 0:03,57
9/10/2015 0:13,62
9/10/2015 0:18,54
9/10/2015 0:23,62
9/10/2015 1:48,56
9/10/2015 1:53,70
9/10/2015 2:08,63
9/10/2015 2:53,72
9/10/2015 3:52,58
9/10/2015 4:34,55
9/10/2015 5:28,61
9/10/2015 5:33,66
9/10/2015 5:33,62
9/10/2015 5:38,66
9/10/2015 5:45,66
9/10/2015 8:00,66
9/10/2015 8:13,64
9/10/2015 8:18,63
9/10/2015 8:23,60
9/10/2015 8:28,63
9/10/2015 8:38,62
9/10/2015 8:43,62
9/10/2015 8:48,63
9/10/2015 8:53,65
9/10/2015 8:58,65
9/10/2015 9:03,61
9/10/2015 9:13,64
9/10/2015 9:18,64
9/10/2015 9:23,62
9/10/2015 9:28,60
9/10/2015 9:33,65
9/10/2015 9:38,67
9/10/2015 9:43,63
9/10/2015 9:48,63
9/10/2015 9:52,63
9/10/2015 9:57,68
9/10/2015 10:02,61
9/10/2015 10:07,65
9/10/2015 10:12,65
9/10/2015 10:17,66
9/10/2015 10:27,67
9/10/2015 10:32,65
9/10/2015 10:37,65
9/10/2015 10:42,64
9/10/2015 10:47,62
9/10/2015 10:52,61
9/10/2015 10:57,63
9/10/2015 11:02,64
9/10/2015 11:07,67
9/10/2015 11:12,62
9/10/2015 11:17,63
9/10/2015 11:22,65
9/10/2015 11:27,63
9/10/2015 11:32,63
9/10/2015 11:37,65
9/10/2015 11:42,62
9/10/2015 11:47,62
9/10/2015 11:52,62
9/10/2015 11:57,66
9/10/2015 12:02,64
9/10/2015 12:12,60
9/10/2015 12:17,65
9/10/2015 12:32,65
9/10/2015 12:37,65
9/10/2015 12:47,63
9/10/2015 12:52,59
9/10/2015 12:57,63
9/10/2015 13:02,65
9/10/2015 13:07,61
9/10/2015 13:12,65
9/10/2015 13:17,66
9/10/2015 13:22,62
9/10/2015 13:32,65
9/10/2015 13:37,63
9/10/2015 13:47,62
9/10/2015 13:52,62
9/10/2015 13:57,67
9/10/2015 14:02,70
9/10/2015 14:07,64
9/10/2015 14:12,66
9/10/2015 14:17,69
9/10/2015 14:27,63
9/10/2015 14:32,61
9/10/2015 14:37,64
9/10/2015 14:47,69
9/10/2015 14:52,67
9/10/2015 14:57,63
9/10/2015 15:02,68
9/10/2015 15:07,65
9/10/2015 15:17,65
9/10/2015 15:22,67
9/10/2015 15:27,63
9/10/2015 15:32,65
9/10/2015 15:37,65
9/10/2015 15:42,65
9/10/2015 15:52,66
9/10/2015 15:57,64
9/10/2015 16:02,65
9/10/2015 16:12,66
9/10/2015 16:17,62
9/10/2015 16:22,65
9/10/2015 16:27,62
9/10/2015 16:32,68
9/10/2015 16:37,66
9/10/2015 16:42,68
9/10/2015 16:52,65
9/10/2015 16:57,66
9/10/2015 17:02,64
9/10/2015 17:07,66
9/10/2015 17:12,64
9/10/2015 17:17,65
9/10/2015 17:22,71
9/10/2015 17:27,64
9/10/2015 17:32,66
9/10/2015 17:37,65
9/10/2015 17:47,66
9/10/2015 17:52,64
9/10/2015 17:57,65
9/10/2015 18:02,69
9/10/2015 18:07,66
9/10/2015 18:12,66
9/10/2015 18:22,64
9/10/2015 18:27,65
9/10/2015 18:32,63
9/10/2015 18:37,67
9/10/2015 18:42,64
9/10/2015 18:57,67
9/10/2015 19:02,66
9/10/2015 19:07,69
9/10/2015 19:12,67
9/10/2015 19:17,67
9/10/2015 19:22,67
9/10/2015 19:27,63
9/10/2015 19:32,68
9/10/2015 19:37,65
9/10/2015 19:42,62
9/10/2015 19:47,67
9/10/2015 19:52,70
9/10/2015 19:57,60
9/10/2015 20:02,67
9/10/2015 20:07,65
9/10/2015 20:12,65
9/10/2015 20:17,64
9/10/2015 20:22,65
9/10/2015 20:28,65
9/10/2015 20:32,62
9/10/2015 20:38,62
9/10/2015 20:52,64
9/10/2015 20:57,73
9/10/2015 21:07,65
9/10/2015 21:12,64
9/10/2015 21:17,68
9/10/2015 21:22,65
9/10/2015 21:37,65
9/10/2015 21:47,65
9/10/2015 21:52,62
9/10/2015 22:12,69
9/10/2015 22:27,62
9/10/2015 22:32,65
9/10/2015 22:52,66
9/10/2015 23:17,68
9/10/2015 23:22,59
9/10/2015 23:32,61
9/10/2015 23:37,63
9/11/2015 0:02,60
9/11/2015 0:27,64
9/11/2015 0:32,60
9/11/2015 0:37,57
9/11/2015 0:52,65
9/11/2015 0:57,63
9/11/2015 1:12,62
9/11/2015 1:57,62
9/11/2015 2:17,61
9/11/2015 3:32,62
9/11/2015 3:42,65
9/11/2015 3:47,68
9/11/2015 3:57,61
9/11/2015 4:32,67
9/11/2015 4:47,60
9/11/2015 4:52,59
9/11/2015 4:57,65
9/11/2015 5:02,63
9/11/2015 5:07,66
9/11/2015 5:12,58
9/11/2015 5:17,66
9/11/2015 5:27,67
9/11/2015 5:32,65
9/11/2015 5:37,66
9/11/2015 5:47,67
9/11/2015 5:52,65
9/11/2015 5:57,68
9/11/2015 6:02,66
9/11/2015 6:07,67
9/11/2015 6:12,63
9/11/2015 6:17,69
9/11/2015 6:22,53
9/11/2015 6:27,65
9/11/2015 6:37,64
9/11/2015 6:42,64
9/11/2015 6:47,64
9/11/2015 6:52,65
9/11/2015 6:57,67
9/11/2015 7:02,67
9/11/2015 7:07,63
9/11/2015 7:12,67
9/11/2015 7:17,65
9/11/2015 7:27,63
9/11/2015 7:32,62
9/11/2015 7:37,62
9/11/2015 7:42,64
9/11/2015 7:52,66
9/11/2015 7:57,67
9/11/2015 8:02,65
9/11/2015 8:07,67
9/11/2015 8:12,64
9/11/2015 8:17,66
9/11/2015 8:22,68
9/11/2015 8:27,68
9/11/2015 8:32,62
9/11/2015 8:37,64
9/11/2015 8:42,66
9/11/2015 8:57,66
9/11/2015 9:02,62
9/11/2015 9:07,63
9/11/2015 9:17,65
9/11/2015 9:22,62
9/11/2015 9:27,65
9/11/2015 9:32,58
9/11/2015 9:37,64
9/11/2015 9:47,62
9/11/2015 9:52,65
9/11/2015 9:57,65
9/11/2015 10:07,65
9/11/2015 10:12,61
9/11/2015 10:17,62
9/11/2015 10:22,61
9/11/2015 10:27,63
9/11/2015 10:29,65
9/11/2015 10:34,63
9/11/2015 10:39,64
9/11/2015 10:44,68
9/11/2015 10:49,66
9/11/2015 10:59,65
9/11/2015 11:09,66
9/11/2015 11:14,63
9/11/2015 11:19,61
9/11/2015 11:24,62
9/11/2015 11:29,65
9/11/2015 11:34,61
9/11/2015 11:39,62
9/11/2015 11:44,62
9/11/2015 11:49,63
9/11/2015 11:54,64
9/11/2015 11:59,66
9/11/2015 12:04,64
9/11/2015 12:09,62
9/11/2015 12:14,62
9/11/2015 12:24,65
9/11/2015 12:34,66
9/11/2015 12:39,66
9/11/2015 12:44,63
9/11/2015 12:54,63
9/11/2015 12:59,63
9/11/2015 13:04,67
9/11/2015 13:09,60
9/11/2015 13:14,61
9/11/2015 13:24,62
9/11/2015 13:29,66
9/11/2015 13:34,64
9/11/2015 13:39,66
9/11/2015 13:44,67
9/11/2015 13:49,67
9/11/2015 13:54,67
9/11/2015 13:59,60
9/11/2015 14:04,70
9/11/2015 14:09,63
9/11/2015 14:14,59
9/11/2015 14:24,64
9/11/2015 14:29,65
9/11/2015 14:34,62
9/11/2015 14:39,63
9/11/2015 14:44,62
9/11/2015 14:54,63
9/11/2015 14:59,64
9/11/2015 15:04,62
9/11/2015 15:09,66
9/11/2015 15:14,65
9/11/2015 15:19,65
9/11/2015 15:24,65
9/11/2015 15:29,60
9/11/2015 15:34,64
9/11/2015 15:39,64
9/11/2015 15:44,68
9/11/2015 15:49,64
9/11/2015 15:54,63
9/11/2015 16:09,68
9/11/2015 16:19,65
9/11/2015 16:24,68
9/11/2015 16:29,66
9/11/2015 16:34,68
9/11/2015 16:44,67
9/11/2015 16:49,65
9/11/2015 16:59,63
9/11/2015 17:04,69
9/11/2015 17:09,66
9/11/2015 17:14,68
9/11/2015 17:19,68
9/11/2015 17:24,64
9/11/2015 17:29,68
9/11/2015 17:34,65
9/11/2015 17:39,67
9/11/2015 17:44,67
9/11/2015 17:49,67
9/11/2015 17:54,68
9/11/2015 17:59,70
9/11/2015 18:04,66
9/11/2015 18:16,65
9/11/2015 18:21,69
9/11/2015 18:26,65
9/11/2015 18:36,61
9/11/2015 18:41,62
9/11/2015 18:46,66
9/11/2015 18:51,66
9/11/2015 18:56,70
9/11/2015 19:01,65
9/11/2015 19:11,67
9/11/2015 19:16,64
9/11/2015 19:21,70
9/11/2015 19:26,66
9/11/2015 19:31,66
9/11/2015 19:41,64
9/11/2015 19:46,67
9/11/2015 19:51,70
9/11/2015 19:56,64
9/11/2015 20:01,62
9/11/2015 20:16,64
9/11/2015 20:21,63
9/11/2015 20:26,63
9/11/2015 20:31,62
9/11/2015 20:46,63
9/11/2015 20:51,62
9/11/2015 21:01,68
9/11/2015 21:21,64
9/11/2015 21:36,65
9/11/2015 21:41,65
9/11/2015 21:46,65
9/11/2015 21:51,64
9/11/2015 22:06,60
9/11/2015 22:11,62
9/11/2015 22:16,64
9/11/2015 22:21,63
9/11/2015 22:31,63
9/11/2015 22:41,64
9/11/2015 22:46,64
9/11/2015 22:51,67
9/11/2015 23:01,60
9/11/2015 23:06,65
9/11/2015 23:11,65
9/11/2015 23:16,68
9/12/2015 0:06,61
9/12/2015 0:11,66
9/12/2015 0:16,63
9/12/2015 0:31,59
9/12/2015 0:36,63
9/12/2015 0:46,67
9/12/2015 1:11,74
9/12/2015 1:16,59
9/12/2015 1:21,63
9/12/2015 1:36,63
9/12/2015 1:41,67
9/12/2015 2:21,64
9/12/2015 2:36,66
9/12/2015 2:46,58
9/12/2015 3:26,70
9/12/2015 3:36,67
9/12/2015 3:51,64
9/12/2015 4:01,58
9/12/2015 4:41,62
9/12/2015 4:56,76
9/12/2015 5:31,74
9/12/2015 5:36,69
9/12/2015 5:41,65
9/12/2015 5:46,66
9/12/2015 5:51,75
9/12/2015 5:56,72
9/12/2015 6:01,62
9/12/2015 6:06,63
9/12/2015 6:11,65
9/12/2015 6:16,73
9/12/2015 6:21,71
9/12/2015 6:26,66
9/12/2015 6:31,70
9/12/2015 6:41,68
9/12/2015 6:46,63
9/12/2015 6:51,66
9/12/2015 7:01,68
9/12/2015 7:06,73
9/12/2015 7:11,69
9/12/2015 7:16,55
9/12/2015 7:26,64
9/12/2015 7:46,67
9/12/2015 7:51,72
9/12/2015 7:56,66
9/12/2015 8:06,68
9/12/2015 8:11,68
9/12/2015 8:16,65
9/12/2015 8:21,65
9/12/2015 8:31,66
9/12/2015 8:41,66
9/12/2015 8:51,67
9/12/2015 8:56,64
9/12/2015 9:01,65
9/12/2015 9:06,70
9/12/2015 9:11,65
9/12/2015 9:16,66
9/12/2015 9:21,70
9/12/2015 9:26,65
9/12/2015 9:31,68
9/12/2015 9:36,70
9/12/2015 9:41,65
9/12/2015 9:51,68
9/12/2015 9:56,64
9/12/2015 10:01,67
9/12/2015 10:06,64
9/12/2015 10:11,64
9/12/2015 10:16,65
9/12/2015 10:21,71
9/12/2015 10:26,68
9/12/2015 10:31,63
9/12/2015 10:36,70
9/12/2015 10:41,68
9/12/2015 10:46,62
9/12/2015 10:51,63
9/12/2015 10:56,61
9/12/2015 11:06,63
9/12/2015 11:11,64
9/12/2015 11:26,63
9/12/2015 11:31,69
9/12/2015 11:36,66
9/12/2015 11:41,65
9/12/2015 11:46,64
9/12/2015 11:51,64
9/12/2015 11:56,67
9/12/2015 12:01,65
9/12/2015 12:06,62
9/12/2015 12:11,62
9/12/2015 12:16,63
9/12/2015 12:21,62
9/12/2015 12:26,63
9/12/2015 12:31,66
9/12/2015 12:36,63
9/12/2015 12:46,66
9/12/2015 12:51,66
9/12/2015 12:56,66
9/12/2015 13:06,59
9/12/2015 13:11,65
9/12/2015 13:16,68
9/12/2015 13:21,65
9/12/2015 13:26,66
9/12/2015 13:31,65
9/12/2015 13:36,61
9/12/2015 13:41,64
9/12/2015 13:46,65
9/12/2015 13:51,65
9/12/2015 14:06,65
9/12/2015 14:11,66
9/12/2015 14:16,67
9/12/2015 14:21,65
9/12/2015 14:26,68
9/12/2015 14:31,63
9/12/2015 14:36,66
9/12/2015 14:41,64
9/12/2015 14:51,62
9/12/2015 14:56,65
9/12/2015 15:01,65
9/12/2015 15:06,66
9/12/2015 15:11,61
9/12/2015 15:16,68
9/12/2015 15:21,65
9/12/2015 15:36,68
9/12/2015 15:46,67
9/12/2015 15:51,63
9/12/2015 16:01,69
9/12/2015 16:06,62
9/12/2015 16:11,65
9/12/2015 16:16,74
9/12/2015 16:21,67
9/12/2015 16:26,68
9/12/2015 16:31,68
9/12/2015 16:36,69
9/12/2015 16:41,64
9/12/2015 16:46,67
9/12/2015 16:51,66
9/12/2015 16:56,69
9/12/2015 17:01,67
9/12/2015 17:06,66
9/12/2015 17:11,64
9/12/2015 17:16,61
9/12/2015 17:21,67
9/12/2015 17:26,65
9/12/2015 17:31,66
9/12/2015 17:36,57
9/12/2015 17:41,66
9/12/2015 17:46,66
9/12/2015 17:51,68
9/12/2015 17:56,64
9/12/2015 18:01,65
9/12/2015 18:06,66
9/12/2015 18:11,65
9/12/2015 18:16,67
9/12/2015 18:21,62
9/12/2015 18:26,66
9/12/2015 18:31,66
9/12/2015 18:46,64
9/12/2015 18:56,71
9/12/2015 19:01,67
9/12/2015 19:11,65
9/12/2015 19:21,63
9/12/2015 19:31,68
9/12/2015 19:36,66
9/12/2015 19:41,60
9/12/2015 19:46,61
9/12/2015 19:51,67
9/12/2015 20:01,66
9/12/2015 20:11,62
9/12/2015 20:21,65
9/12/2015 20:26,63
9/12/2015 20:31,66
9/12/2015 20:36,64
9/12/2015 20:41,64
9/12/2015 20:46,68
9/12/2015 20:51,64
9/12/2015 21:01,66
9/12/2015 21:06,63
9/12/2015 21:16,65
9/12/2015 21:21,64
9/12/2015 21:26,68
9/12/2015 21:36,64
9/12/2015 21:41,62
9/12/2015 21:46,63
9/12/2015 21:51,61
9/12/2015 21:56,68
9/12/2015 22:01,61
9/12/2015 22:06,65
9/12/2015 22:16,64
9/12/2015 22:26,64
9/12/2015 22:36,71
9/12/2015 22:41,63
9/12/2015 22:46,62
9/12/2015 22:51,67
9/12/2015 22:56,62
9/12/2015 23:01,59
9/12/2015 23:06,67
9/12/2015 23:16,61
9/12/2015 23:21,61
9/12/2015 23:31,76
9/12/2015 23:41,63
9/12/2015 23:46,59
9/12/2015 23:51,61
9/12/2015 23:56,60
9/13/2015 0:01,68
9/13/2015 0:11,65
9/13/2015 0:16,65
9/13/2015 0:26,64
9/13/2015 0:31,66
9/13/2015 0:56,60
9/13/2015 1:31,60
9/13/2015 1:41,59
9/13/2015 2:01,51
9/13/2015 2:06,61
9/13/2015 2:11,71
9/13/2015 2:56,62
9/13/2015 3:01,67
9/13/2015 3:11,64
9/13/2015 5:06,62
9/13/2015 5:11,71
9/13/2015 5:26,60
9/13/2015 5:56,61
9/13/2015 6:01,60
9/13/2015 6:06,70
9/13/2015 6:21,67
9/13/2015 6:26,61
9/13/2015 6:36,72
9/13/2015 6:46,66
9/13/2015 6:51,66
9/13/2015 6:56,65
9/13/2015 7:01,53
9/13/2015 7:11,67
9/13/2015 7:16,61
9/13/2015 7:21,64
9/13/2015 7:26,64
9/13/2015 7:31,62
9/13/2015 7:36,65
9/13/2015 7:46,62
9/13/2015 7:56,66
9/13/2015 8:01,66
9/13/2015 8:06,63
9/13/2015 8:16,64
9/13/2015 8:31,68
9/13/2015 8:36,66
9/13/2015 8:41,70
9/13/2015 8:46,64
9/13/2015 8:51,62
9/13/2015 8:56,65
9/13/2015 9:01,65
9/13/2015 9:06,65
9/13/2015 9:11,63
9/13/2015 9:16,67
9/13/2015 9:26,65
9/13/2015 9:31,66
9/13/2015 9:36,66
9/13/2015 9:41,70
9/13/2015 9:46,63
9/13/2015 9:51,66
9/13/2015 9:56,70
9/13/2015 10:06,65
9/13/2015 10:11,63
9/13/2015 10:16,66
9/13/2015 10:31,62
9/13/2015 10:36,64
9/13/2015 10:41,69
9/13/2015 10:46,68
9/13/2015 10:51,64
9/13/2015 10:56,66
9/13/2015 11:06,66
9/13/2015 11:11,64
9/13/2015 11:16,67
9/13/2015 11:21,66
9/13/2015 11:31,65
9/13/2015 11:36,62
9/13/2015 11:41,67
9/13/2015 11:46,61
9/13/2015 11:51,67
9/13/2015 11:56,66
9/13/2015 12:01,62
9/13/2015 12:06,63
9/13/2015 12:11,66
9/13/2015 12:16,66
9/13/2015 12:21,63
9/13/2015 12:26,66
9/13/2015 12:31,65
9/13/2015 12:41,63
9/13/2015 12:46,63
9/13/2015 12:48,63
9/13/2015 12:53,58
9/13/2015 12:58,65
9/13/2015 13:03,64
9/13/2015 13:08,65
9/13/2015 13:13,64
9/13/2015 13:18,64
9/13/2015 13:23,62
9/13/2015 13:28,63
9/13/2015 13:33,69
9/13/2015 13:43,66
9/13/2015 13:48,61
9/13/2015 13:53,67
9/13/2015 13:58,63
9/13/2015 14:03,67
9/13/2015 14:13,59
9/13/2015 14:18,61
9/13/2015 14:23,70
9/13/2015 14:28,65
9/13/2015 14:38,65
9/13/2015 14:43,66
9/13/2015 14:48,63
9/13/2015 14:58,67
9/13/2015 15:03,65
9/13/2015 15:08,63
9/13/2015 15:13,68
9/13/2015 15:18,68
9/13/2015 15:23,64
9/13/2015 15:28,69
9/13/2015 15:33,64
9/13/2015 15:38,65
9/13/2015 15:48,64
9/13/2015 15:53,63
9/13/2015 15:58,64
9/13/2015 16:03,61
9/13/2015 16:08,62
9/13/2015 16:13,64
9/13/2015 16:18,66
9/13/2015 16:23,63
9/13/2015 16:28,68
9/13/2015 16:33,68
9/13/2015 16:38,65
9/13/2015 16:43,64
9/13/2015 17:03,67
9/13/2015 17:08,69
9/13/2015 17:13,63
9/13/2015 17:18,68
9/13/2015 17:23,69
9/13/2015 17:28,63
9/13/2015 17:33,64
9/13/2015 17:38,64
9/13/2015 17:48,62
9/13/2015 17:53,64
9/13/2015 17:58,68
9/13/2015 18:08,65
9/13/2015 18:13,66
9/13/2015 18:18,66
9/13/2015 18:23,63
9/13/2015 18:28,63
9/13/2015 18:33,65
9/13/2015 18:38,67
9/13/2015 18:48,63
9/13/2015 18:53,67
9/13/2015 18:58,69
9/13/2015 19:03,63
9/13/2015 19:08,63
9/13/2015 19:18,64
9/13/2015 19:23,66
9/13/2015 19:28,68
9/13/2015 19:33,67
9/13/2015 19:38,62
9/13/2015 19:48,66
9/13/2015 19:53,66
9/13/2015 19:58,64
9/13/2015 20:08,64
9/13/2015 20:13,64
9/13/2015 20:18,66
9/13/2015 20:23,63
9/13/2015 20:28,70
9/13/2015 20:33,65
9/13/2015 20:43,64
9/13/2015 20:53,61
9/13/2015 21:03,62
9/13/2015 21:18,70
9/13/2015 21:23,65
9/13/2015 21:28,68
9/13/2015 21:33,68
9/13/2015 21:38,61
9/13/2015 21:43,65
9/13/2015 21:48,62
9/13/2015 22:08,63
9/13/2015 22:13,66
9/13/2015 22:18,61
9/13/2015 22:33,66
9/13/2015 22:38,70
9/13/2015 22:48,58
9/13/2015 22:53,77
9/13/2015 22:58,66
9/13/2015 23:08,64
9/13/2015 23:28,60
9/13/2015 23:38,65
9/13/2015 23:43,61
9/13/2015 23:48,60
9/13/2015 23:53,63
9/14/2015 0:18,62
9/14/2015 0:43,53
9/14/2015 0:53,66
9/14/2015 0:58,66
9/14/2015 1:08,57
9/14/2015 1:28,64
9/14/2015 2:03,67
9/14/2015 2:28,64
9/14/2015 2:43,64
9/14/2015 2:48,66
9/14/2015 2:58,65
9/14/2015 3:08,57
9/14/2015 3:13,63
9/14/2015 3:23,61
9/14/2015 3:48,73
9/14/2015 4:13,73
9/14/2015 4:23,59
9/14/2015 4:28,61
9/14/2015 4:43,65
9/14/2015 4:48,64
9/14/2015 4:53,69
9/14/2015 4:58,64
9/14/2015 5:03,62
9/14/2015 5:08,60
9/14/2015 5:18,67
9/14/2015 5:23,66
9/14/2015 5:28,71
9/14/2015 5:33,67
9/14/2015 5:38,65
9/14/2015 5:43,67
9/14/2015 5:48,62
9/14/2015 5:53,69
9/14/2015 5:58,67
9/14/2015 6:03,66
9/14/2015 6:08,64
9/14/2015 6:13,65
9/14/2015 6:18,65
9/14/2015 6:23,61
9/14/2015 6:28,66
9/14/2015 6:33,64
9/14/2015 6:38,64
9/14/2015 6:43,63
9/14/2015 6:48,69
9/14/2015 6:53,64
9/14/2015 6:58,66
9/14/2015 7:03,67
9/14/2015 7:08,64
9/14/2015 7:13,64
9/14/2015 7:18,65
9/14/2015 7:23,65
9/14/2015 7:28,59
9/14/2015 7:33,68
9/14/2015 7:38,66
9/14/2015 7:43,67
9/14/2015 7:48,66
9/14/2015 7:53,66
9/14/2015 7:58,63
9/14/2015 8:03,57
9/14/2015 8:08,53
9/14/2015 8:13,53
9/14/2015 8:18,57
9/14/2015 8:23,65
9/14/2015 8:38,64
9/14/2015 8:43,64
9/14/2015 8:48,59
9/14/2015 8:53,63
9/14/2015 8:58,68
9/14/2015 9:03,64
9/14/2015 9:08,62
9/14/2015 9:13,61
9/14/2015 9:18,66
9/14/2015 9:23,62
9/14/2015 9:28,66
9/14/2015 9:33,61
9/14/2015 9:43,66
9/14/2015 9:48,64
9/14/2015 9:53,63
9/14/2015 9:58,60
9/14/2015 10:03,63
9/14/2015 10:08,65
9/14/2015 10:13,65
9/14/2015 10:18,65
9/14/2015 10:23,61
9/14/2015 10:28,60
9/14/2015 10:33,64
9/14/2015 10:38,59
9/14/2015 10:43,64
9/14/2015 10:48,64
9/14/2015 10:53,66
9/14/2015 10:58,64
9/14/2015 11:03,65
9/14/2015 11:08,62
9/14/2015 11:13,61
9/14/2015 11:18,61
9/14/2015 11:28,58
9/14/2015 11:33,66
9/14/2015 11:38,63
9/14/2015 11:43,60
9/14/2015 11:48,61
9/14/2015 11:53,60
9/14/2015 11:58,63
9/14/2015 12:03,63
9/14/2015 12:13,61
9/14/2015 12:18,62
9/14/2015 12:23,63
9/14/2015 12:28,64
9/14/2015 12:33,63
9/14/2015 12:43,61
9/14/2015 12:48,64
9/14/2015 12:53,60
9/14/2015 12:58,63
9/14/2015 13:03,65
9/14/2015 13:08,61
9/14/2015 13:13,64
9/14/2015 13:15,64
9/14/2015 13:20,58
9/14/2015 13:30,62
9/14/2015 13:35,62
9/14/2015 13:40,60
9/14/2015 13:45,61
9/14/2015 13:50,65
9/14/2015 13:55,65
9/14/2015 14:00,65
9/14/2015 14:05,57
9/14/2015 14:10,65
9/14/2015 14:15,66
9/14/2015 14:20,66
9/14/2015 14:25,66
9/14/2015 14:30,68
9/14/2015 14:35,65
9/14/2015 14:40,59
9/14/2015 14:45,65
9/14/2015 15:05,64
9/14/2015 15:10,65
9/14/2015 15:15,67
9/14/2015 15:20,64
9/14/2015 15:30,63
9/14/2015 15:35,65
9/14/2015 15:40,63
9/14/2015 15:45,61
9/14/2015 15:50,63
9/14/2015 15:55,64
9/14/2015 16:05,64
9/14/2015 16:10,61
9/14/2015 16:15,63
9/14/2015 16:20,62
9/14/2015 16:30,61
9/14/2015 16:35,65
9/14/2015 16:40,64
9/14/2015 16:45,66
9/14/2015 16:50,62
9/14/2015 16:55,65
9/14/2015 17:00,62
9/14/2015 17:05,63
9/14/2015 17:10,61
9/14/2015 17:15,65
9/14/2015 17:20,66
9/14/2015 17:25,68
9/14/2015 17:30,64
9/14/2015 17:35,68
9/14/2015 17:40,64
9/14/2015 17:45,65
9/14/2015 17:50,69
9/14/2015 17:55,64
9/14/2015 18:00,60
9/14/2015 18:05,62
9/14/2015 18:10,61
9/14/2015 18:20,64
9/14/2015 18:25,61
9/14/2015 18:30,68
9/14/2015 18:35,62
9/14/2015 18:40,62
9/14/2015 18:45,64
9/14/2015 18:50,66
9/14/2015 18:55,65
9/14/2015 19:01,62
9/14/2015 19:05,61
9/14/2015 19:10,66
9/14/2015 19:15,64
9/14/2015 19:20,65
9/14/2015 19:25,68
9/14/2015 19:30,68
9/14/2015 19:40,62
9/14/2015 19:45,62
9/14/2015 19:55,63
9/14/2015 20:00,61
9/14/2015 20:05,61
9/14/2015 20:10,64
9/14/2015 20:15,60
9/14/2015 20:20,63
9/14/2015 20:30,63
9/14/2015 20:35,61
9/14/2015 20:45,58
9/14/2015 20:50,61
9/14/2015 20:55,63
9/14/2015 21:05,61
9/14/2015 21:10,61
9/14/2015 21:15,66
9/14/2015 21:20,62
9/14/2015 21:30,56
9/14/2015 21:35,64
9/14/2015 21:40,67
9/14/2015 21:45,64
9/14/2015 21:55,60
9/14/2015 22:06,64
9/14/2015 22:11,66
9/14/2015 22:21,70
9/14/2015 22:25,61
9/14/2015 22:30,63
9/14/2015 22:35,56
9/14/2015 22:40,61
9/14/2015 23:01,68
9/14/2015 23:11,65
9/14/2015 23:15,59
9/14/2015 23:21,66
9/14/2015 23:41,62
9/14/2015 23:46,70
9/14/2015 23:51,59
9/15/2015 0:16,63
9/15/2015 0:56,67
9/15/2015 1:25,63
9/15/2015 1:30,71
9/15/2015 1:40,63
9/15/2015 2:01,73
9/15/2015 2:06,53
9/15/2015 2:56,58
9/15/2015 3:01,54
9/15/2015 3:25,63
9/15/2015 3:30,65
9/15/2015 3:35,54
9/15/2015 3:45,72
9/15/2015 3:55,64
9/15/2015 4:01,70
9/15/2015 4:06,65
9/15/2015 4:10,59
9/15/2015 4:16,59
9/15/2015 4:26,66
9/15/2015 4:31,60
9/15/2015 4:35,62
9/15/2015 4:41,66
9/15/2015 4:46,63
9/15/2015 4:55,65
9/15/2015 5:01,66
9/15/2015 5:05,61
9/15/2015 5:10,62
9/15/2015 5:15,61
9/15/2015 5:20,63
9/15/2015 5:26,67
9/15/2015 5:31,62
9/15/2015 5:36,62
9/15/2015 5:41,66
9/15/2015 5:46,66
9/15/2015 5:51,62
9/15/2015 5:55,68
9/15/2015 6:00,62
9/15/2015 6:10,63
9/15/2015 6:16,64
9/15/2015 6:20,64
9/15/2015 6:25,63
9/15/2015 6:30,64
9/15/2015 6:35,61
9/15/2015 6:41,66
9/15/2015 6:45,66
9/15/2015 6:50,65
9/15/2015 6:55,63
9/15/2015 7:00,63
9/15/2015 7:11,58
9/15/2015 7:16,67
9/15/2015 7:21,62
9/15/2015 7:26,63
9/15/2015 7:31,61
9/15/2015 7:36,62
9/15/2015 7:41,63
9/15/2015 7:46,65
9/15/2015 7:51,62
9/15/2015 7:56,65
9/15/2015 8:06,63
9/15/2015 8:11,63
9/15/2015 8:16,63
9/15/2015 8:21,62
9/15/2015 8:26,66
9/15/2015 8:31,61
9/15/2015 8:41,63
9/15/2015 8:46,67
9/15/2015 8:51,67
9/15/2015 8:56,64
9/15/2015 9:01,57
9/15/2015 9:06,64
9/15/2015 9:11,61
9/15/2015 9:16,64
9/15/2015 9:21,64
9/15/2015 9:26,61
9/15/2015 9:31,60
9/15/2015 9:36,63
9/15/2015 9:41,62
9/15/2015 9:46,63
9/15/2015 9:51,62
9/15/2015 9:56,63
9/15/2015 10:01,61
9/15/2015 10:06,60
9/15/2015 10:11,61
9/15/2015 10:16,66
9/15/2015 10:21,62
9/15/2015 10:26,63
9/15/2015 10:31,63
9/15/2015 10:36,65
9/15/2015 10:41,63
9/15/2015 10:46,65
9/15/2015 10:51,66
9/15/2015 10:56,67
9/15/2015 11:01,64
9/15/2015 11:06,63
9/15/2015 11:11,58
9/15/2015 11:16,64
9/15/2015 11:21,63
9/15/2015 11:26,66
9/15/2015 11:31,64
9/15/2015 11:36,62
9/15/2015 11:41,63
9/15/2015 11:46,62
9/15/2015 11:51,64
9/15/2015 11:56,67
9/15/2015 12:01,64
9/15/2015 12:06,62
9/15/2015 12:11,61
9/15/2015 12:21,61
9/15/2015 12:26,64
9/15/2015 12:31,66
9/15/2015 12:36,60
9/15/2015 12:41,62
9/15/2015 12:46,65
9/15/2015 12:51,64
9/15/2015 12:56,61
9/15/2015 13:01,62
9/15/2015 13:06,64
9/15/2015 13:11,62
9/15/2015 13:16,60
9/15/2015 13:21,65
9/15/2015 13:26,62
9/15/2015 13:31,66
9/15/2015 13:36,63
9/15/2015 13:41,65
9/15/2015 13:46,63
9/15/2015 13:51,62
9/15/2015 13:54,62
9/15/2015 13:59,61
9/15/2015 14:04,63
9/15/2015 14:09,64
9/15/2015 14:14,67
9/15/2015 14:19,68
9/15/2015 14:24,66
9/15/2015 14:29,62
9/15/2015 14:39,63
9/15/2015 14:44,63
9/15/2015 14:49,62
9/15/2015 14:54,63
9/15/2015 14:59,62
9/15/2015 15:04,61
9/15/2015 15:09,65
9/15/2015 15:14,66
9/15/2015 15:19,65
9/15/2015 15:24,63
9/15/2015 15:29,63
9/15/2015 15:34,62
9/15/2015 15:39,65
9/15/2015 15:44,65
9/15/2015 15:49,65
9/15/2015 15:54,60
9/15/2015 15:59,63
9/15/2015 16:04,63
9/15/2015 16:09,64
9/15/2015 16:14,63
9/15/2015 16:19,63
9/15/2015 16:24,62
9/15/2015 16:29,63
9/15/2015 16:34,62
9/15/2015 16:39,62
9/15/2015 16:44,66
9/15/2015 16:49,63
9/15/2015 16:54,65
9/15/2015 16:59,65
9/15/2015 17:04,63
9/15/2015 17:09,62
9/15/2015 17:14,66
9/15/2015 17:19,64
9/15/2015 17:24,60
9/15/2015 17:29,62
9/15/2015 17:39,65
9/15/2015 17:44,63
9/15/2015 17:49,63
9/15/2015 17:54,66
9/15/2015 17:59,65
9/15/2015 18:04,64
9/15/2015 18:09,64
9/15/2015 18:14,66
9/15/2015 18:19,63
9/15/2015 18:24,62
9/15/2015 18:34,62
9/15/2015 18:39,64
9/15/2015 18:44,61
9/15/2015 18:49,65
9/15/2015 18:54,64
9/15/2015 18:59,68
9/15/2015 19:04,67
9/15/2015 19:09,68
9/15/2015 19:14,65
9/15/2015 19:29,66
9/15/2015 19:34,62
9/15/2015 19:39,64
9/15/2015 19:44,61
9/15/2015 19:49,63
9/15/2015 19:54,63
9/15/2015 19:59,65
9/15/2015 20:09,60
9/15/2015 20:14,62
9/15/2015 20:19,61
9/15/2015 20:24,62
9/15/2015 20:29,59
9/15/2015 20:34,64
9/15/2015 20:39,66
9/15/2015 20:44,64
9/15/2015 20:49,58
9/15/2015 20:54,64
9/15/2015 20:59,64
9/15/2015 21:04,62
9/15/2015 21:09,65
9/15/2015 21:14,61
9/15/2015 21:19,62
9/15/2015 21:24,65
9/15/2015 21:29,60
9/15/2015 21:34,62
9/15/2015 21:39,64
9/15/2015 21:49,61
9/15/2015 21:54,60
9/15/2015 21:59,65
9/15/2015 22:04,61
9/15/2015 22:14,61
9/15/2015 22:19,60
9/15/2015 22:24,59
9/15/2015 22:29,63
9/15/2015 22:34,60
9/15/2015 22:39,65
9/15/2015 22:44,66
9/15/2015 22:59,62
9/15/2015 23:04,62
9/15/2015 23:14,58
9/15/2015 23:19,59
9/15/2015 23:24,61
9/15/2015 23:29,63
9/15/2015 23:34,60
9/15/2015 23:44,63
9/16/2015 0:04,68
9/16/2015 0:09,55
9/16/2015 0:19,65
9/16/2015 0:24,66
9/16/2015 0:34,62
9/16/2015 0:44,63
9/16/2015 0:59,62
9/16/2015 1:14,55
9/16/2015 1:19,48
9/16/2015 1:29,62
9/16/2015 1:39,57
9/16/2015 2:14,63
9/16/2015 2:34,64
9/16/2015 2:49,59
9/16/2015 3:04,52
9/16/2015 3:14,59
9/16/2015 3:19,65
9/16/2015 3:29,50
9/16/2015 3:34,68
9/16/2015 3:39,59
9/16/2015 3:49,65
9/16/2015 3:59,65
9/16/2015 4:04,64
9/16/2015 4:14,60
9/16/2015 4:24,67
9/16/2015 4:29,66
9/16/2015 4:39,67
9/16/2015 4:44,62
9/16/2015 4:49,61
9/16/2015 4:54,63
9/16/2015 4:59,63
9/16/2015 5:04,61
9/16/2015 5:09,64
9/16/2015 5:14,64
9/16/2015 5:19,64
9/16/2015 5:24,65
9/16/2015 5:29,67
9/16/2015 5:34,63
9/16/2015 5:39,64
9/16/2015 5:44,66
9/16/2015 5:49,67
9/16/2015 5:54,63
9/16/2015 5:59,64
9/16/2015 6:04,65
9/16/2015 6:09,62
9/16/2015 6:14,61
9/16/2015 6:19,62
9/16/2015 6:24,64
9/16/2015 6:29,66
9/16/2015 6:34,63
9/16/2015 6:39,65
9/16/2015 6:44,66
9/16/2015 6:49,64
9/16/2015 6:54,63
9/16/2015 6:59,64
9/16/2015 7:04,61
9/16/2015 7:09,64
9/16/2015 7:14,66
9/16/2015 7:19,65
9/16/2015 7:24,63
9/16/2015 7:29,62
9/16/2015 7:34,64
9/16/2015 7:39,61
9/16/2015 7:44,61
9/16/2015 7:49,65
9/16/2015 7:54,25
9/16/2015 7:59,19
9/16/2015 8:04,15
9/16/2015 8:09,17
9/16/2015 8:14,24
9/16/2015 8:19,25
9/16/2015 8:24,19
9/16/2015 8:29,39
9/16/2015 8:34,21
9/16/2015 8:39,22
9/16/2015 8:44,41
9/16/2015 8:49,65
9/16/2015 8:54,61
9/16/2015 8:59,60
9/16/2015 9:04,65
9/16/2015 9:09,62
9/16/2015 9:14,61
9/16/2015 9:19,63
9/16/2015 9:24,64
9/16/2015 9:29,60
9/16/2015 9:34,62
9/16/2015 9:39,64
9/16/2015 9:44,63
9/16/2015 9:49,65
9/16/2015 9:54,63
9/16/2015 9:59,61
9/16/2015 10:04,62
9/16/2015 10:09,61
9/16/2015 10:14,64
9/16/2015 10:19,63
9/16/2015 10:24,56
9/16/2015 10:29,64
9/16/2015 10:34,65
9/16/2015 10:39,65
9/16/2015 10:44,66
9/16/2015 10:49,65
9/16/2015 10:54,63
9/16/2015 10:59,61
9/16/2015 11:04,61
9/16/2015 11:09,59
9/16/2015 11:14,62
9/16/2015 11:19,57
9/16/2015 11:24,60
9/16/2015 11:29,62
9/16/2015 11:34,62
9/16/2015 11:39,64
9/16/2015 11:44,66
9/16/2015 11:49,62
9/16/2015 11:54,64
9/16/2015 11:59,62
9/16/2015 12:04,60
9/16/2015 12:09,62
9/16/2015 12:14,63
9/16/2015 12:19,62
9/16/2015 12:24,65
9/16/2015 12:29,64
9/16/2015 12:34,64
9/16/2015 12:39,64
9/16/2015 12:44,62
9/16/2015 12:49,61
9/16/2015 12:54,64
9/16/2015 12:59,66
9/16/2015 13:04,62
9/16/2015 13:09,64
9/16/2015 13:14,63
9/16/2015 13:19,60
9/16/2015 13:24,64
9/16/2015 13:29,66
9/16/2015 13:34,62
9/16/2015 13:39,63
9/16/2015 13:44,59
9/16/2015 13:49,59
9/16/2015 13:54,64
9/16/2015 13:59,60
9/16/2015 14:04,62
9/16/2015 14:09,61
9/16/2015 14:14,63
9/16/2015 14:19,67
9/16/2015 14:24,67
9/16/2015 14:29,66
9/16/2015 14:30,65
9/16/2015 14:35,61
9/16/2015 14:40,66
9/16/2015 14:45,63
9/16/2015 14:50,61
9/16/2015 14:55,62
9/16/2015 15:00,69
9/16/2015 15:05,64
9/16/2015 15:10,63
9/16/2015 15:15,66
9/16/2015 15:25,60
9/16/2015 15:30,60
9/16/2015 15:35,62
9/16/2015 15:40,56
9/16/2015 15:45,61
9/16/2015 15:50,61
9/16/2015 15:55,66
9/16/2015 16:00,66
9/16/2015 16:05,65
9/16/2015 16:10,64
9/16/2015 16:15,64
9/16/2015 16:20,62
9/16/2015 16:25,69
9/16/2015 16:30,67
9/16/2015 16:35,65
9/16/2015 16:40,68
9/16/2015 16:45,64
9/16/2015 16:50,66
9/16/2015 16:55,68
9/16/2015 17:00,60
9/16/2015 17:05,65
9/16/2015 17:10,63
9/16/2015 17:15,66
9/16/2015 17:20,59
9/16/2015 17:25,66
9/16/2015 17:30,63
9/16/2015 17:35,65
9/16/2015 17:40,56
9/16/2015 17:45,64
9/16/2015 17:50,62
9/16/2015 17:55,67
9/16/2015 18:00,66
9/16/2015 18:05,64
9/16/2015 18:10,64
9/16/2015 18:15,63
9/16/2015 18:20,66
9/16/2015 18:25,62
9/16/2015 18:30,67
9/16/2015 18:35,69
9/16/2015 18:40,64
9/16/2015 18:45,66
9/16/2015 18:50,63
9/16/2015 18:55,65
9/16/2015 19:00,64
9/16/2015 19:05,63
9/16/2015 19:10,54
9/16/2015 19:15,63
9/16/2015 19:20,64
9/16/2015 19:25,75
9/16/2015 19:30,62
9/16/2015 19:35,61
9/16/2015 19:40,64
9/16/2015 19:45,65
9/16/2015 19:50,64
9/16/2015 19:55,63
9/16/2015 20:00,62
9/16/2015 20:05,62
9/16/2015 20:10,64
9/16/2015 20:15,57
9/16/2015 20:20,65
9/16/2015 20:25,60
9/16/2015 20:30,62
9/16/2015 20:35,63
9/16/2015 20:40,69
9/16/2015 20:45,59
9/16/2015 20:50,52
9/16/2015 20:55,57
9/16/2015 21:00,61
9/16/2015 21:05,60
9/16/2015 21:10,60
9/16/2015 21:15,66
9/16/2015 21:20,64
9/16/2015 21:25,63
9/16/2015 21:30,65
9/16/2015 21:35,68
9/16/2015 21:40,62
9/16/2015 21:45,54
9/16/2015 21:50,63
9/16/2015 21:55,67
9/16/2015 22:05,62
9/16/2015 22:14,73
9/16/2015 22:20,68
9/16/2015 22:30,62
9/16/2015 22:35,64
9/16/2015 22:40,64
9/16/2015 22:45,63
9/16/2015 22:50,60
9/16/2015 22:55,67
9/16/2015 23:00,60
9/16/2015 23:05,63
9/16/2015 23:10,67
9/16/2015 23:15,63
9/16/2015 23:25,62
9/16/2015 23:40,62
9/16/2015 23:45,67
9/16/2015 23:55,57
9/17/2015 0:00,59
9/17/2015 0:05,57
9/17/2015 0:10,59
9/17/2015 0:20,70
9/17/2015 0:25,62
9/17/2015 0:30,65
9/17/2015 0:50,59
9/17/2015 0:55,64
9/17/2015 1:05,66
9/17/2015 1:10,58
9/17/2015 1:20,55
9/17/2015 1:30,65
9/17/2015 1:45,61
9/17/2015 2:15,62
9/17/2015 3:05,66
9/17/2015 3:30,57
9/17/2015 3:45,60
9/17/2015 3:50,60
9/17/2015 4:05,65
9/17/2015 4:10,44
9/17/2015 4:15,52
9/17/2015 4:20,37
9/17/2015 4:25,48
9/17/2015 4:30,57
9/17/2015 4:35,66
9/17/2015 4:40,60
9/17/2015 4:50,60
9/17/2015 4:55,64
9/17/2015 5:00,60
9/17/2015 5:05,58
9/17/2015 5:10,63
9/17/2015 5:15,64
9/17/2015 5:20,63
9/17/2015 5:25,62
9/17/2015 5:30,65
9/17/2015 5:35,63
9/17/2015 5:40,62
9/17/2015 5:45,64
9/17/2015 5:50,62
9/17/2015 5:55,69
9/17/2015 6:00,61
9/17/2015 6:05,63
9/17/2015 6:10,61
9/17/2015 6:15,61
9/17/2015 6:20,58
9/17/2015 6:25,59
9/17/2015 6:30,59
9/17/2015 6:35,69
9/17/2015 6:40,61
9/17/2015 6:45,60
9/17/2015 6:50,57
9/17/2015 6:55,53
9/17/2015 7:00,61
9/17/2015 7:05,65
9/17/2015 7:10,61
9/17/2015 7:15,60
9/17/2015 7:20,62
9/17/2015 7:25,60
9/17/2015 7:30,62
9/17/2015 7:35,55
9/17/2015 7:40,60
9/17/2015 7:45,26
9/17/2015 7:50,34
9/17/2015 7:55,15
9/17/2015 8:00,23
9/17/2015 8:05,35
9/17/2015 8:10,38
9/17/2015 8:15,11
9/17/2015 8:20,43
9/17/2015 8:25,26
9/17/2015 8:30,47
9/17/2015 8:35,63
9/17/2015 8:40,55
9/17/2015 8:45,65
9/17/2015 8:55,65
9/17/2015 9:00,64
9/17/2015 9:05,61
9/17/2015 9:10,59
9/17/2015 9:15,63
9/17/2015 9:20,67
9/17/2015 9:25,62
9/17/2015 9:30,60
9/17/2015 9:35,62
9/17/2015 9:40,63
9/17/2015 9:45,63
9/17/2015 9:50,65
9/17/2015 9:55,62
9/17/2015 10:00,65
9/17/2015 10:05,62
9/17/2015 10:10,62
9/17/2015 10:15,62
9/17/2015 10:20,65
9/17/2015 10:25,65
9/17/2015 10:30,63
9/17/2015 10:35,61
9/17/2015 10:40,57
9/17/2015 10:45,54
9/17/2015 10:50,57
9/17/2015 10:55,62
9/17/2015 11:00,60
9/17/2015 11:05,64
9/17/2015 11:10,59
9/17/2015 11:15,64
9/17/2015 11:20,63
9/17/2015 11:25,61
9/17/2015 11:30,63
9/17/2015 11:35,65
9/17/2015 11:40,60
9/17/2015 11:45,60
9/17/2015 11:50,62
9/17/2015 11:55,65
9/17/2015 12:00,58
9/17/2015 12:05,65
9/17/2015 12:10,62
9/17/2015 12:15,54
9/17/2015 12:20,51
9/17/2015 12:25,51
9/17/2015 12:30,56
9/17/2015 12:35,57
9/17/2015 12:40,46
9/17/2015 12:45,56
9/17/2015 12:50,56
9/17/2015 12:55,56
9/17/2015 13:00,60
9/17/2015 13:05,61
9/17/2015 13:10,64
9/17/2015 13:15,67
9/17/2015 13:20,66
9/17/2015 13:25,61
9/17/2015 13:30,62
9/17/2015 13:35,59
9/17/2015 13:40,63
9/17/2015 13:45,68
9/17/2015 13:50,66
9/17/2015 13:55,63
9/17/2015 14:00,66
9/17/2015 14:05,62
9/17/2015 14:10,60
9/17/2015 14:15,63
9/17/2015 14:20,68
9/17/2015 14:25,63
9/17/2015 14:30,65
9/17/2015 14:34,57
9/17/2015 14:39,65
9/17/2015 14:44,60
9/17/2015 14:49,62
9/17/2015 14:54,65
9/17/2015 14:58,67
9/17/2015 15:04,62
9/17/2015 15:08,65
9/17/2015 15:13,61
9/17/2015 15:18,66
9/17/2015 15:23,63
9/17/2015 15:28,69
9/17/2015 15:34,64
9/17/2015 15:38,64
9/17/2015 15:43,62
9/17/2015 15:48,68
9/17/2015 15:49,65
9/17/2015 15:54,69
9/17/2015 15:59,61
9/17/2015 16:04,66
9/17/2015 16:09,65
9/17/2015 16:14,65
9/17/2015 16:19,60
